mae_mean,mae_lower,mae_upper,rmse_mean,rmse_lower,rmse_upper,bpr_mean,bpr_lower,bpr_upper,deaths_reached_mean,deaths_reached_lower,deaths_reached_upper,max_yhat,method,hypers,split
0.026009530552839496,0.0017937219730941704,0.04343369634849455,0.38925520997147606,0.07593111953288306,0.6632573511853037,0.6439494230817214,0.19854838709677414,0.9310814479638011,104.44338122807018,6.1549999999999985,224.94400000000007,92.0,AvgLastWYears,{'W': 1},valid
0.007907403036739832,0.0007687379884689302,0.02088404868673927,0.2015110571212558,0.04527657196885029,0.5300695565540375,0.6616135595594467,0.13964000000000001,0.9523809523809524,60.275649649122805,3.4904750000000004,176.928,104.0,AvgLastWYears,{'W': 1},test
