mae_mean,mae_lower,mae_upper,rmse_mean,rmse_lower,rmse_upper,bpr_mean,bpr_lower,bpr_upper,deaths_reached_mean,deaths_reached_lower,deaths_reached_upper,max_yhat,method,hypers,split
0.01428616271620756,0.0007046764894298527,0.021460602178090968,0.17902071030636726,0.04158918698478119,0.2347187448279465,0.19208767702663773,0.010873214285714285,0.36407857142857125,26.08986091654993,0.059,48.29620000000001,8.0,AvgLastWYears,{'W': 1},valid
0.01618572906913714,0.0008327994875080077,0.025880845611787315,0.19800155839421932,0.043102012390760225,0.26303311381307815,0.15869914586435588,0.01,0.2866849514563106,28.250793076923078,0.06499999999999999,63.09802499999997,9.0,AvgLastWYears,{'W': 1},test
