mae_mean,mae_lower,mae_upper,rmse_mean,rmse_lower,rmse_upper,bpr_mean,bpr_lower,bpr_upper,deaths_reached_mean,deaths_reached_lower,deaths_reached_upper,max_yhat,method,hypers,split
0.022622648203814124,0.0,0.044907110826393336,0.436090667220724,0.0,0.851592508807209,0.0053578741223240575,0.0037878787878787876,0.006529230043084669,1.7538604318831374,0.045,3.449,0.0,ZeroPred,{},valid
0.008641182092185548,0.0013452914798206279,0.023126201153106984,0.28147008087676406,0.07335643066073015,0.8734288537190387,0.0048355764099487905,0.0032268817204301075,0.006634571428571425,0.6494581967213116,0.08599999999999998,1.8635249999999997,0.0,ZeroPred,{},test
